tags,title
linshaye angussampson leighwhannell adamrobitel horror mystery thriller parapsychologist dr. elise rainier faces her most fearsome and personal haunting yet as she is drawn back to her ghostly childhood home where the terror began.,insidious: the last key
alexpettyfer jamesfreedson-jackson emilyalthaus laurenwolkstein drama thriller mysterious events surround two travelers as they make their way across a remote american landscape. on the surface all seems normal but what appears to be a simple vacation soon gives way to a dark and complex web of secrets.,the strange ones
dominiccooper austinstowell gemmachan simonwest action thriller a british special boat service commando tracks down an international terrorist cell.,stratton
bryanbrown samneill warwickthornton adventure crime drama australian western set on the northern territory frontier in the 1920s where justice itself is put on trial when an aged aboriginal farmhand shoots a white man in self-defense and goes on the run as a posse gathers to hunt him down.,sweet country
liamneeson verafarmiga patrickwilson jaumecollet-serra action mystery thriller an insurance salesman/ex-cop is caught up in a life-threatening conspiracy during his daily commute home.,the commuter
tarajip.henson billybrown dannyglover babaknajafi action crime drama mary is a hit woman working for an organized crime family in boston whose life is completely turned around when she meets a young boy whose path she crosses when a professional hit goes bad.,proud mary
"brucewillis colehauser shawnashmore brettdonowho action crime thriller at a bachelorette party in a nightclub the bride tells 2 guys offering blow to go away. they abduct her. the groom's 2 big brothers looked after their kid brother as kids and do so now again as veterans ""looking"" for her and the...",acts of violence
alexlawther abigailbreslin bettemidler trudiestyler comedy drama follows the story of teenager billy bloom who despite attending an ultra conservative high school makes the decision to run for homecoming queen.,freak show
jemaineclement elliottgould ingridmichaelson samhoffman comedy with an interminable case of writer's block and a personal family crisis playwright nate is forced to move into his father's retirement community.,humor me
adrianocarvalho luananastas danielathomas adventure drama brazil 1821. a rich cattle herder finds out that his wife dies in labor. forced to live in the property with numerous african slaves he marries his wife's niece. but he returns to droving leaving his wife behind alone with the s...,vazante
"rubybarnhill louisashbourneserkis katewinslet hiromasayonebayashi animation adventure family based on ""the little broomstick"" by mary stewart a strange flower grants a girl magic powers.",mary and the witch's flower
chrishemsworth michaelshannon michaelpeña nicolaifuglsig action drama history 12 strong tells the story of the first special forces team deployed to afghanistan after 9/11; under the leadership of a new captain the team must work with an afghan warlord to take down the taliban.,12 strong
gerardbutler 50cent pabloschreiber christiangudegast action crime drama an elite unit of the la county sheriff's dept. and the state's most successful bank robbery crew clash as the outlaws plan a seemingly impossible heist on the federal reserve bank.,den of thieves
alexroe jessicarothe johnbenjaminhickey bethanyashtonwolf comedy drama music after being gone for a decade a country star returns home to the love he left behind.,forever my girl
"dylano'brien kayascodelario thomasbrodie-sangster wesball action adventure sci-fi young hero thomas embarks on a mission to find a cure for a deadly disease known as ""the flare"".",maze runner: the death cure
adelkaram camillesalameh kamelelbasha ziaddoueiri crime drama thriller after an emotional exchange between a lebanese christian and a palestinian refugee escalates the men end up in a court case that gets national attention.,the insult
"dakotafanning tonicollette aliceeve benlewin comedy drama a young autistic woman runs away from her caregiver in an attempt to submit her 500-page manuscript to a ""star trek"" writing competition at paramount pictures.",please stand by
helenmirren jasonclarke sarahsnook thespierigbrothers drama fantasy horror ensconced in her sprawling san jose california mansion eccentric firearm heiress sarah winchester (dame helen mirren) believes she is haunted by the souls of people killed by the winchester repeating rifle.,winchester
danielavega franciscoreyes sebastiánlelio drama marina a transgender woman who works as a waitress and moonlights as a nightclub singer is bowled over by the death of her older boyfriend.,a fantastic woman
mariovanpeebles williamfichtner ryanguzman mariovanpeebles action thriller chief a former us marshall has fallen on hard times after he led his team on a raid that went horribly wrong. as he struggles to pick up the pieces he soon learns that there may be a larger conspiracy at hand.,armed
danielbrühl elizabethdebicki akselhennie juliusonah action horror sci-fi orbiting a planet on the brink of war scientists test a device to solve an energy crisis and end up face-to-face with a dark alternate reality.,the cloverfield paradox
"breagrant grahamskipper alyfitzgerald bryancoyne horror it's halloween night and two ""bad apples"" decide to play some wicked tricks on the one house in a suburban cul-de-sac that is not celebrating halloween. they terrorize a young couple in their home and these tricks become increasi...",bad apples
jamescorden domhnallgleeson rosebyrne willgluck adventure comedy crime a rebellious rabbit tries to sneak into a farmer's vegetable garden.,peter rabbit
dakotajohnson jamiedornan kimbasinger jamesfoley drama romance thriller anastasia and christian get married but jack hyde continues to threaten their relationship.,fifty shades freed
anthonysadler alekskarlatos spencerstone clinteastwood biography drama thriller three courageous young americans prevent a terrorist attack on a train bound for paris.,the 15:17 to paris
marcopoloconstandse(director);omarchaparro marimarvega ryancarnes marcopoloconstandse comedy romance valentina has the perfect life in america. her universe trembles when jason her boyfriend proposes marriage and she must confront her family the hidalgo the most chaotic and surreal political dynasty in the history of mexico.,la boda de valentina
anmolk.c. aditibudhathoki anoopbikramshahi surendrapoudel action drama a man fights for his love.,kri
rebeccahall danstevens morganspector briancrano comedy drama romance a woman on the brink of a marriage proposal is told by a friend that she should date other men before spending the rest of her life with her boyfriend.,permission
emilywatson jasonisaacs nickfrost holgertappe animation comedy family despite the title the wishbone family are far from happy. in an attempt to reconnect as a family mum and emma plan a fun night out. however her plan backfires when an evil witch curses them and they're all turned into monsters.,monster family
emilybrowning adamhorowitz mary-louiseparker alexrossperry drama an intersectional narrative of two families in brooklyn and the unraveling of unspoken unhappiness that occurs when a young foreign girl spending time abroad upsets the balance on both sides.,golden exits
"chadwickboseman michaelb.jordan lupitanyong'o ryancoogler(director/​screenplay);joerobertcole(screenplay);chadwickboseman,michaelb.jordan,lupitanyong'o,danaigurira,martinfreeman,danielkaluuya,letitiawright,winstonduke,angelabassett,forestwhitaker,andyserkis,johnkani,florencekasumba,atandwakani,sterlingk.brown,isaachdebankolé,trevornoah,stanlee,sebastianstan action adventure sci-fi t'challa heir to the hidden but advanced kingdom of wakanda must step forward to lead his people into a new future and must confront a challenger from his country's past.",black panther
eddieredmayne tomhiddleston maisiewilliams nickpark animation adventure comedy set at the dawn of time when prehistoric creatures and woolly mammoths roamed the earth early man tells the story of dug along with sidekick hognob as they unite his tribe against a mighty enemy lord nooth and his bronze age ci...,early man
maryanaspivak alexeirozin matveynovikov andreyzvyagintsev drama a couple going through a divorce must team up to find their son who has disappeared during one of their bitter arguments.,loveless
timothyspall kristinscottthomas patriciaclarkson sallypotter comedy a clerical mistake results in a bumbling indian film star being invited to an exclusive hollywood party instead of being fired.,the party
jonhamm nickofferman ambertamblyn markpellington drama a mosaic of stories about love and loss exploring our relationship to the objects artifacts and memories that shape our lives.,nostalgia
hugoweaving jimbroadbent stephenrea lancedaly action drama history set in ireland during the great famine the drama follows an irish ranger who has been fighting for the british army abroad as he abandons his post to reunite with his family.,black '47
taylorjames jacksonrathbone billyzane brucemacdonald action drama after losing the love of his life to a cruel philistine prince a young hebrew with supernatural strength defends his people sacrificing everything to avenge his love his people and god.,samson
"jasonbateman rachelmcadams kylechandler jonathangoldstein,johnfrancisdaley action adventure comedy a group of friends who meet regularly for game nights find themselves entangled in a real-life mystery when the shady brother of one of them is seemingly kidnapped by dangerous gangsters.",game night
natalieportman jenniferjasonleigh ginarodriguez alexgarland adventure drama horror a biologist signs up for a dangerous secret expedition into a mysterious zone where the laws of nature don't apply.,annihilation
angourierice mariabello debbyryan michaelsucsy drama fantasy romance a shy teenager falls for a spirit who wakes up in the body of a different person every morning.,every day
davidfreyne(director);ellenpage samkeeley tomvaughan-lawlor davidfreyne drama horror sci-fi a disease that turns people into zombies has been cured. society discriminates against the once-infected zombies as do their own families which causes social issues to arise. this leads to militant government interference.,the cured
charlottevega billmilner eugenesimon briano'malley drama horror mystery a family curse confines orphaned twins rachel and edwards to their home in punishment for their ancestors' sins. bound to the rules of a haunting childhood lullaby the twins must never let any outsiders inside the house.,the lodgers
jenniferlawrence joeledgerton matthiasschoenaerts francislawrence action drama thriller ballerina dominika egorova is recruited to 'sparrow school ' a russian intelligence service where she is forced to use her body as a weapon. her first mission targeting a c.i.a. agent threatens to unravel the security of both na...,red sparrow
brucewillis vincentd'onofrio deannorris eliroth action crime drama dr. paul kersey is an experienced trauma surgeon a man who has spent his life saving lives. after an attack on his family paul embarks on his own mission for justice.,death wish
loganlerman ellefanning michellemonaghan shawnchristensen drama mystery romance sidney hall finds accidental success and unexpected love at an early age then disappears without a trace.,the vanishing of sidney hall
liorashkenazi sarahadler yonatanshiray samuelmaoz drama a troubled family must face the facts when something goes terribly wrong at their son's desolate military post.,foxtrot
elyseprice joelbernard katievincent ushermorgan action crime drama when a short-tempered mobster and his gang of thugs try to shake down a neighborhood bar they're soon confronted with the wrath of its owner - a mysterious southern mother with a dangerous past.,pickings
stormreid oprahwinfrey reesewitherspoon avaduvernay adventure family fantasy after the disappearance of her scientist father three peculiar beings send meg her brother and her friend to space in order to find him.,a wrinkle in time
davidoyelowo charlizetheron joeledgerton nashedgerton action comedy crime gringo a dark comedy mixed with white-knuckle action and dramatic intrigue explores the battle of survival for businessman harold soyinka (david oyelowo) when he finds himself crossing the line from law-abiding citizen to wanted...,gringo
oliviacooke anyataylor-joy antonyelchin coryfinley comedy crime drama two upper-class teenage girls in suburban connecticut rekindle their unlikely friendship after years of growing apart. together they hatch a plan to solve both of their problems-no matter what the cost.,thoroughbreds
stevebuscemi simonrussellbeale paddyconsidine armandoiannucci comedy drama history moscow 1953. after being in power for nearly 30 years soviet dictator joseph vissarionovich stalin takes ill and quickly dies. now the members of the council of ministers scramble for power.,the death of stalin
"donaldsutherland helenmirren paolovirzì adventure comedy drama a runaway couple go on an unforgettable journey in the faithful old rv they call ""the leisure seeker"".",the leisure seeker
christinahendricks martinhenderson baileemadison johannesroberts horror a family of four staying at a secluded mobile home park for the night are stalked and then hunted by three masked psychopaths.,the strangers: prey at night
tobykebbell maggiegrace ryankwanten robcohen action adventure crime thieves attempt a massive heist against the u.s. treasury as a category 5 hurricane approaches one of its mint facilities.,the hurricane heist
aliciavikander dominicwest waltongoggins roaruthaug action adventure fantasy lara croft (alicia vikander) the fiercely independent daughter of a missing adventurer must push herself beyond her limits when she discovers the island where her father lord richard croft (dominic west) disappeared.,tomb raider
nickrobinson katherinelangford alexandrashipp gregberlanti comedy drama romance simon spier keeps a huge secret from his family his friends and all of his classmates: he's gay. when that secret is threatened simon must face everyone and come to terms with his identity.,"love, simon"
clorisleachman dennisquaid priscillashirer jonerwin biography drama family the inspiring and unknown true story behind mercyme's beloved chart topping song that brings ultimate hope to so many is a gripping reminder of the power of true forgiveness.,i can only imagine
rosamundpike danielbrühl vincentcassel josépadilha action drama history inspired by the true events of the 1976 hijacking of an air france flight en route from tel aviv to paris and the most daring rescue mission ever attempted.,7 days in entebbe
melissaleo tessathompson lalaanthony lauriecollyer comedy drama when an inmate is granted one weekend out of prison to see her dying mother a rookie correction officer struggles to keep her under control.,furlough
sophieturner dylanmcdermott jackkilmer ericengland drama thriller hank a solitary man living a dull existence in the sleepy southern town raises eyebrows when he develops a questionable relationship with josie a recently transplanted high school student.,josie
zoeydeutch kathrynhahn timheidecker maxwinkler comedy drama a sexually-curious teen forms an unorthodox kinship with her mentally-unstable stepbrother.,flower
johnboyega scotteastwood caileespaeny stevens.deknight action adventure fantasy jake pentecost son of stacker pentecost reunites with mako mori to lead a new generation of jaeger pilots including rival lambert and 15-year-old hacker amara against a new kaiju threat.,pacific rim: uprising
bryancranston edwardnorton billmurray wesanderson animation adventure comedy set in japan isle of dogs follows a boy's odyssey in search of his lost dog.,isle of dogs
jamesmcavoy emilyblunt johnnydepp johnstevenson animation adventure comedy garden gnomes gnomeo (james mcavoy) and juliet (emily blunt) recruit renowned detective sherlock gnomes (johnny depp) to investigate the mysterious disappearance of other garden ornaments.,sherlock gnomes
clairefoy joshualeonard jaypharoah stevensoderbergh drama horror mystery a young woman is involuntarily committed to a mental institution where she is confronted by her greatest fear - but is it real or a product of her delusion?,unsane
jamesfaulkner jimcaviezel oliviermartinez andrewhyatt adventure biography drama luke travels roma looking for apostle paul turned in nero's prisoner to tell his story before his execution.,"paul, apostle of christ"
geoffreyrush armiehammer clémencepoésy stanleytucci biography comedy drama the story of swiss painter and sculptor alberto giacometti.,final portrait
bellathorne patrickschwarzenegger robriggle scottspeer drama romance a 17-year-old girl suffers from a condition that prevents her from being out in the sunlight.,midnight sun
amandadelaney justinmaina seanmichaelgloria ryanjustice drama romance a story about the lifestyles of women whose lives intersect in this world dominated by social media.,followers
tyesheridan oliviacooke benmendelsohn stevenspielberg action adventure sci-fi when the creator of a virtual reality called the oasis dies he makes a posthumous challenge to all oasis users to find his easter egg which will give the finder his fortune and control of his world.,ready player one
tarajip.henson lyriqbent tikasumpter tylerperry none none,tyler perry's acrimony
davida.r.white johncorbett shaneharper michaelmason drama pastor dave responds to the unimaginable tragedy of having his church located on the grounds of the local university burned down.,god's not dead: a light in darkness
lolakirke zoëkravitz gretalee aaronkatz crime drama mystery a heinous crime tests the complex relationship between a tenacious personal assistant and her hollywood starlet boss. as the assistant unravels the mystery she must confront her own understanding of friendship truth and celebrity.,gemini
burtreynolds arielwinter clarkduke adamrifkin drama an aging former movie star is forced to face the reality that his glory days are behind him. on its surface the film is a tale about faded fame. at its core it's a universal story about growing old.,the last movie star
johnkrasinski emilyblunt millicentsimmonds johnkrasinski drama horror sci-fi in a post-apocalyptic world a family is forced to live in silence while hiding from monsters with ultra-sensitive hearing.,a quiet place
lesliemann ikebarinholtz johncena kaycannon comedy three parents try to stop their daughters from losing their virginity on prom night.,blockers
joaquinphoenix ekaterinasamsonov alexmanette lynneramsay crime drama a traumatized veteran unafraid of violence tracks down missing girls for a living. when a job spins out of control joe's nightmares overtake him as a conspiracy is uncovered leading to what could be his death trip or his awakening.,you were never really here
jasonclarke katemara edhelms johncurran biography drama history depicting ted kennedy's involvement in the fatal 1969 car accident that claims the life of a young campaign strategist mary jo kopechne.,chappaquiddick
"kristenbell drewfellman,daviddouglas documentary short in the mountains of sichuan china a researcher forms a bond with qian qian a panda who is about to experience nature for the first time.",pandas
charlieplummer chloësevigny travisfimmel andrewhaigh adventure drama a teenager gets a summer job working for a horse trainer and befriends the fading racehorse lean on pete.,lean on pete
"helenhunt williamhurt erinmoriarty seanmcnamara drama sport after the tragic death of star volleyball player caroline ""line"" found a team of dispirited high school girls must band together under the guidance of their tough-love coach in hopes of winning the state championship.",the miracle season
jonhamm rosamundpike deannorris bradanderson action crime drama caught in the crossfires of civil war cia operatives must send a former u.s. diplomat to negotiate for the life of a friend he left behind.,beirut
dwaynejohnson naomieharris malinåkerman bradpeyton action adventure sci-fi when three different animals become infected with a dangerous pathogen a primatologist and a geneticist team up to stop them from destroying chicago.,rampage
lucyhale tylerposey violettbeane jeffwadlow horror thriller a harmless game of truth or dare among friends turns deadly when someone - or something - begins to punish those who tell a lie or refuse the dare.,truth or dare
bradyjandreau chloézhao drama western after suffering a near fatal head injury a young cowboy undertakes a search for new identity and what it means to be a man in the heartland of america.,the rider
loganlerman helenabonhamcarter gérarddepardieu richardlanni animation adventure family the true story of a stray dog who joins his new master on the battlefields of the first world war. for his valorous actions sgt. stubby is still recognized as the most decorated dog in american history.,sgt. stubby: an american hero
"amyschumer michellewilliams emilyratajkowski abbykohn,marcsilverstein comedy romance a woman struggling with insecurity wakes from a fall believing she is the most beautiful and capable woman on the planet. her new confidence empowers her to live fearlessly but what happens when she realizes her appearance never ...",i feel pretty
jaychandrasekhar paulsoter stevelemme jaychandrasekhar comedy crime mystery when a border dispute arises between the u.s. and canada the super troopers are tasked with establishing a highway patrol station in the disputed area.,super troopers 2
paulapatton omarepps missipyle deontaylor thriller a couple off for a romantic weekend in the mountains are accosted by a biker gang. alone in the mountains brea and john must defend themselves against the gang who will stop at nothing to protect their secrets.,traffik
asabutterfield nickofferman ellenburstyn peterlivolsi comedy drama the film tells futurist architect and inventor r. buckminster fuller's incredible story through two teens hoping to get laid become punk gods and survive high school.,the house of tomorrow
atsumitanezaki naotōyama naokoyamada animation drama fantasy best friends in their last year of high school realise there is no such thing as being together forever.,liz and the blue bird
robertdowneyjr. chrishemsworth markruffalo anthonyrussoandjoerusso action adventure sci-fi the avengers and their allies must be willing to sacrifice all in an attempt to defeat the powerful thanos before his blitz of devastation and ruin puts an end to the universe.,avengers: infinity war
rachelweisz rachelmcadams alessandronivola sebastiánlelio drama romance a woman returns to her orthodox jewish community that shunned her for her attraction to a female childhood friend. once back their passions reignite as they explore the boundaries of faith and sexuality.,disobedience
benkingsley theojames jacquelinebisset perfly drama history romance a young program coordinator at the united nations stumbles upon a conspiracy involving iraq's oil reserves.,backstabbing for beginners
halleberry danielcraig denizgamzeergüven drama sci-fi a modern day alternate-reality drama about a hero who rises to become the king of his nation based on the biblical story of king david.,kings
"annafaris eugenioderbez evalongoria robgreenberg,bobfisher(directors/screenplay);annafaris,eugenioderbez,evalongoria,johnhannah,joshsegarra,melrodriguez comedy romance a cruel but beautiful heiress mocks and cheats a hired carpenter. when she gets amnesia after an accident he decides to introduce her to regular life by convincing her that they're husband and wife.",overboard
charlizetheron mackenziedavis markduplass jasonreitman comedy drama mystery a struggling mother of three forms an unexpected bond with the night nanny hired to help with her newborn baby.,tully
davidtennant robertsheehan carlitoolivero deandevlin crime horror thriller a pair of burglars stumble upon a woman being held captive in a home they intended to rob.,bad samaritan
"johnnygalecki annafriel oliverplatt bobbymiller comedy drama fantasy a heartbroken man attends a spiritual retreat to cleanse himself and fix his broken life. there he meets a fellow lost soul and together they discover that ""the cleanse"" releases more than everyday toxins...a lot more.",the cleanse
"nathaliebaye xavierbeauvois action adventure comedy during the cold war an organization called ""patriot"" created a super-hero squad which includes members of multiple soviet republics. for years the heroes had to hide their identities but in hard times they must show themselves...",the guardians
melissamccarthy mayarudolph mollygordon benfalcone comedy after her husband abruptly asks for a divorce a middle-aged mother returns to college in order to complete her degree.,life of the party
gabrielleunion billyburke richardcabral jamesmcteigue action thriller a woman fights to protect her family during a home invasion.,breaking in
saoirseronan annettebening coreystoll michaelmayer comedy drama romance in the early twentieth century an aging actress and her lover visit the estate of her elderly brother.,the seagull
margotrobbie simonpegg dexterfletcher vaughnstein comedy crime drama a film noir taking place in a train terminal at night. add 2 male assassins female assassin waitress teacher janitor and crime boss. add revenge. who says mystery is a lost art?,terminal
matildalutz kevinjanssens vincentcolombe coraliefargeat drama mystery thriller an emotionally troubled young woman sets out to exact revenge against the people who wronged her father.,revenge
ryanreynolds joshbrolin zaziebeetz davidleitch action adventure comedy foul-mouthed mutant mercenary wade wilson (a.k.a. deadpool) assembles a team of fellow mutant rogues to protect a young boy with supernatural abilities from the brutal time-traveling cyborg cable.,deadpool 2
janefonda candicebergen marysteenburgen billholderman comedy drama romance four lifelong friends have their lives forever changed after reading 50 shades of grey in their monthly book club.,book club
ethanhawke amandaseyfried cedrickyles paulschrader drama mystery thriller a minister of a small congregation in upstate new york grapples with mounting despair brought on by tragedy worldly concerns and a tormented past.,first reformed
wimwenders(director);popefrancis wimwenders documentary biography pope francis travels the world speaking to those in need and delivering a message of hope.,pope francis: a man of his word
willarnett natashalyonne ludacris rajagosnell adventure comedy crime max a macho solitary rottweiler police dog is ordered to go undercover as a primped show dog in a prestigious dog show along with his human partner to avert a disaster from happening.,show dogs
aldenehrenreich woodyharrelson emiliaclarke ronhoward action adventure sci-fi board the millennium falcon and journey to a galaxy far far away in an epic action-adventure that will set the course of one of the star wars saga's most unlikely heroes.,solo: a star wars story
ellefanning alexsharp nicolekidman johncameronmitchell comedy music romance an alien touring the galaxy breaks away from her group and meets two young inhabitants of the most dangerous place in the universe: the london borough of croydon.,how to talk to girls at parties
nataliedormer emilyratajkowski edskrein anthonybyrne mystery thriller a blind musician hears a murder committed in the apartment upstairs from hers that sends her down a dark path into london's gritty criminal underworld.,in darkness
susannesachße vivaruiz kembrapfahler brucelabruce comedy drama the misandrists begins with volker a young man with an injured leg stumbling through the forest pursued by the police and their tracking dogs. when he emerges from the woods he sees two young women isolde and hilde frolickin...,the misandrists
"jamesfranco sukiwaterhouse jeffreywahlberg jamesfranco,brucethierrycheung action adventure sci-fi a young boy searches a future world wasteland for a rumored cure for his dying mother.",future world
johnnyknoxville chrispontius timkirkby comedy a daredevil designs and operates his own theme park with his friends.,action point
shailenewoodley samclaflin baltasarkormákur action adventure biography a true story of survival as a young couple's chance encounter leads them first to love and then on the adventure of a lifetime as they face one of the most catastrophic hurricanes in recorded history.,adrift
loganmarshall-green bettygabriel harrisongilbertson leighwhannell action sci-fi thriller set in the near-future technology controls nearly all aspects of life. but when the world of grey a self-labeled technophobe is turned upside down his only hope for revenge is an experimental computer chip implant.,upgrade
evanpeters barrykeoghan blakejenner bartlayton biography crime drama four young men mistake their lives for a movie and attempt one of the most audacious heists in u.s. history.,american animals
noëlwells joshradnor ayacash theresabennett comedy a childless single broke stoner attempts to salvage her failing business and love life while falling in love for the first time with a married man.,social animals
sandrabullock cateblanchett annehathaway garyross documentary short director ross various cast and crew and members of the met staff discuss how the film took over the famous museum for its version of the gala. the production received unprecedented ...,ocean's 8
morganneville(director);fredrogers morganneville documentary biography an exploration of the life lessons and legacy of iconic children's television host fred rogers.,won't you be my neighbor?
tonicollette alexwolff millyshapiro ariaster drama horror mystery a grieving family is haunted by tragic and disturbing occurrences.,hereditary
jodiefoster sterlingk.brown sofiaboutella drewpearce action crime drama set in riot-torn near-future los angeles 'hotel artemis' follows the nurse who runs a secret members-only emergency room for criminals.,hotel artemis
trevorjackson jasonmitchell michaelk.williams directorx action crime thriller with retirement on his mind a successful atlanta-based drug dealer sets up one last big job while dealing with trigger-happy colleagues and the police.,superfly
craigt.nelson hollyhunter sarahvowell bradbird animation action adventure the incredibles family takes on a new mission which involves a change in family roles: bob parr (mr. incredible) must manage the house while his wife helen (elastigirl) goes out to save the world.,incredibles 2
edhelms jeremyrenner jonhamm jefftomsic action comedy a small group of former classmates organize an elaborate annual game of tag that requires some to travel all over the country.,tag
saoirseronan billyhowle emilywatson dominiccooke drama music romance in 1962 england a young couple find their idyllic romance colliding with issues of sexual freedom and societal pressure leading to an awkward and fateful wedding night.,on chesil beach
johntravolta kellypreston stacykeach kevinconnolly biography crime drama the story of crime boss john gotti and his son.,gotti
chrispratt brycedallashoward rafespall j.a.bayona action adventure sci-fi when the island's dormant volcano begins roaring to life owen and claire mount a campaign to rescue the remaining dinosaurs from this extinction-level event.,jurassic world: fallen kingdom
verafarmiga christopherplummer lewismacdougall shanafeste comedy drama laura and her son henry are forced to drive her estranged pot-dealing carefree father jack cross country after being kicked out of a nursing home.,boundaries
"robertpattinson miawasikowska davidzellner,nathanzellner(directors/screenplay);robertpattinson,miawasikowska comedy drama western it's the wild west circa 1870. samuel alabaster an affluent pioneer ventures across the american frontier to marry the love of his life penelope. as his group traverses the west the once-simple journey grows treacherous blur...",damsel
tylerhoechlin katebosworth lancereddick mikep.nelson action horror sci-fi in the weeks following an apocalyptic event a husband and wife venture across the countryside inhabited by deadly factions in search of safety and must work together as they are pushed to the breaking point in order to survive.,the domestics
beniciodeltoro joshbrolin isabelamoner stefanosollima action crime drama the drug war on the u.s.-mexico border has escalated as the cartels have begun trafficking terrorists across the us border. to fight the war federal agent matt graver re-teams with the mercurial alejandro.,sicario: day of the soldado
benfoster thomasinmckenzie jeffkober debragranik adventure drama a father and his thirteen-year-old daughter are living an ideal existence in a vast urban park in portland oregon when a small mistake derails their lives forever.,leave no trace
kyrieirving lilrelhowery shaquilleo'neal charlesstoneiii comedy sport an anti-ageist comedy about a man's dream to win the rucker classic street ball tournament in harlem.,uncle drew
jessicachastain michaelgreyeyes chaskespencer susannawhite biography drama history catherine weldon a portrait painter from 1890s brooklyn travels to dakota to paint a portrait of sitting bull and becomes embroiled in the lakota peoples' struggle over the rights to their land.,woman walks ahead
y'lannoel lexscottdavis joivanwade gerardmcmurray action horror sci-fi america's third political party the new founding fathers of america comes to power and conducts an experiment: no laws for 12 hours on staten island. no one has to stay on the island but $5 000 is given to anyone who does.,the first purge
paulrudd evangelinelilly michaelpeña peytonreed action adventure comedy as scott lang balances being both a superhero and a father hope van dyne and dr. hank pym present an urgent new mission that finds the ant-man fighting alongside the wasp to uncover secrets from their past.,ant-man and the wasp
lakeithstanfield tessathompson armiehammer bootsriley comedy drama fantasy in an alternate present-day version of oakland telemarketer cassius green discovers a magical key to professional success propelling him into a universe of greed.,sorry to bother you
whitneyhouston kevinmacdonald comedy a girl a guy and their friends are twenty-somethings living in chicago.,whitney
adamsandler andysamberg selenagomez genndytartakovsky animation adventure comedy count dracula and company participate in a cruise for sea-loving monsters unaware that their boat is being commandeered by the monster-hating van helsing family.,hotel transylvania 3: summer vacation
dwaynejohnson nevecampbell chinhan rawsonmarshallthurber action adventure thriller a security expert must infiltrate a burning skyscraper 225 stories above ground when his family is trapped inside by criminals.,skyscraper
elsiefisher joshhamilton emilyrobinson boburnham comedy drama an introverted teenage girl tries to survive the last week of her disastrous eighth grade year before leaving to start high school.,eighth grade
joaquinphoenix rooneymara jonahhill gusvansant biography comedy drama on the rocky path to sobriety after a life-changing accident john callahan discovers the healing power of art willing his injured hands into drawing hilarious often controversial cartoons which bring him a new lease on life.,"don't worry, he won't get far on foot"
"woodyharrelson tommyleejones jamesmarsden robreiner biography drama history a group of journalists of the knight-ridder news service covering president george w. bush's planned invasion of iraq in 2003 are skeptical of the president's claim that saddam hussein has ""weapons of mass destruction.""",shock and awe
lilyjames amandaseyfried piercebrosnan olparker comedy musical romance five years after the events of mamma mia! (2008) sophie prepares for the grand reopening of the hotel bella donna as she learns more about her mother's past.,mamma mia! here we go again
denzelwashington ashtonsanders pedropascal antoinefuqua action crime thriller robert mccall serves an unflinching justice for the exploited and oppressed but how far will he go when that is someone he loves?,the equalizer 2
janinagavankar ethanembry daveeddiggs carloslópezestrada comedy crime drama while on probation a man begins to re-evaluate his relationship with his volatile best friend.,blindspotting
colinwoodell rebeccarittenhouse bettygabriel stephensusco horror mystery thriller a teen comes into possession of a new laptop and soon discovers that the previous owner is not only watching him but will also do anything to get it back.,unfriended: dark web
"shinsukesato(director);sotafukushi hanasugisaki shinsukesato animation action adventure high school student ichigo kurosaki who has the ability to see ghosts gains soul reaper powers from rukia kuchiki and sets out to save the world from ""hollows"".",bleach
vincentcassel tuheïadams malikzidi édouarddeluc none none,gauguin – voyage de tahiti
tomcruise henrycavill vingrhames christophermcquarrie action adventure thriller ethan hunt and his imf team along with some familiar allies race against time after a mission gone wrong.,mission: impossible – fallout
scottmenville kharypayton tarastrong peterridamichail animation action adventure a villain's maniacal plan for world domination sidetracks five teenage superheroes who dream of hollywood stardom.,teen titans go! to the movies
tsuihark(director) changchia-lu chenkuo-fu(screenplay) tsuihark action adventure drama detective dee is forced to defend himself against the accusations of empress wu while investigating a crime spree.,detective dee: the four heavenly kings
timothéechalamet maikamonroe alexroe elijahbynum crime drama romance in 1991 a sheltered teenage boy comes of age during a wild summer he spends on cape cod getting rich from selling pot to gangsters falling in love for the first time partying and eventually realizing that he is in over his head.,hot summer nights
kellymacdonald irrfankhan daviddenman marcturtletaub drama agnes taken for granted as a suburban mother discovers a passion for solving jigsaw puzzles which unexpectedly draws her into a new world - where her life unfolds in ways she could never have imagined.,puzzle
michaelpeña lizzycaplan mikecolter benyoung action drama sci-fi a father has a recurring dream of losing his family. his nightmare turns into reality when the planet is invaded by a force bent on destruction. fighting for their lives he comes to realize an unknown strength to keep them safe f...,extinction
ewanmcgregor hayleyatwell jimcummings marcforster adventure comedy drama a working-class family man christopher robin encounters his childhood friend winnie-the-pooh who helps him to rediscover the joys of life.,christopher robin
amandlastenberg mandymoore harrisdickinson jenniferyuhnelson action adventure drama imprisoned by an adult world that now fears everyone under 18 a group of teens form a resistance group to fight back and reclaim control of their future.,the darkest minds
milakunis katemckinnon justintheroux susannafogel action adventure comedy best friends audrey and morgan unwittingly become entangled in an international conspiracy when one of them discovers that the boyfriend who dumped her was actually a spy.,the spy who dumped me
chloëgracemoretz sashalane johngallagher desireeakhavan comedy drama in 1993 a teenage girl is forced into a gay conversion therapy center by her conservative guardians.,the miseducation of cameron post
maiamitchell camilamorrone kylemooney augustinefrizzell comedy crime drama jessie and angela high school dropouts are taking a week off to chill at the beach. too bad their house got robbed rent's due they're about to get fired and they're broke.,never goin' back
ninadobrev finnwolfhard vanessahudgens kenmarino drama in the tomb-like quiet of their ranch-style purgatory a divorced husband and wife fight a wordless war while mourning an unspeakable mutual loss. a sadistic lover's ritual humiliation spawns both tenderness and revenge.,dog days
jasonstatham libingbing rainnwilson jonturteltaub action horror sci-fi a group of scientists exploring the marianas trench encounter the largest marine predator that has ever existed - the megalodon.,the meg
johndavidwashington adamdriver lauraharrier spikelee biography comedy crime ron stallworth an african american police officer from colorado springs co successfully manages to infiltrate the local ku klux klan branch with the help of a jewish surrogate who eventually becomes its leader. based on actual ...,blackkklansman
joeyking juliagoldanitelles jazsinclair sylvainwhite horror mystery thriller in a small town in massachusetts a group of friends fascinated by the internet lore of the slender man attempt to prove that he doesn't actually exist - until one of them mysteriously goes missing.,slender man
joecole jean-stéphanesauvaire action biography crime the true story of an english boxer incarcerated in one of thailand's most notorious prisons as he fights in muay thai tournaments to earn his freedom.,a prayer before dawn
constancewu henrygolding gemmachan jonm.chu comedy drama romance this contemporary romantic comedy based on a global bestseller follows native new yorker rachel chu to singapore to meet her boyfriend's family.,crazy rich asians
kodismit-mcphee leonorvarela jenshultén alberthughes action adventure drama in the prehistoric past a young man struggles to return home after being separated from his tribe during a buffalo hunt. he finds a similarly lost wolf companion and starts a friendship that would change humanity.,alpha
markwahlberg johnmalkovich laurencohan peterberg action thriller a small team of elite american intelligence officers part of a top-secret tactical command unit try to smuggle a mysterious police officer with sensitive information out of indonesia.,mile 22
glennclose jonathanpryce christianslater björnrunge drama a wife questions her life choices as she travels to stockholm to see her husband receive the nobel prize for literature.,the wife
anselelgort taronegerton kevinspacey jamescox biography drama thriller a group of wealthy boys in los angeles during the early 1980s establish a 'get-rich-quick' scam that turns deadly.,billionaire boys club
ethanhawke rosebyrne jesseperetz comedy drama music annie (the long-suffering girlfriend of duncan) has an unlikely transatlantic romance with once revered now faded singer-songwriter tucker crowe who also happens to be the subject of duncan's musical obsession.,"juliet, naked"
annasophiarobb umathurman isabellefuhrman rodrigocortés drama fantasy horror a troubled teen named kit gordy is forced to join the exclusive blackwood boarding school just to find herself trapped by dark forces around its mysterious headmistress madame duret.,down a dark hall
lanacondor noahcentineo annacathcart susanjohnson comedy drama romance a teenage girl's secret love letters are exposed and wreak havoc on her love life.,to all the boys i've loved before
melissamccarthy mayarudolph joelmchale brianhenson action comedy crime when the puppet cast of a '90s children's tv show begin to get murdered one by one a disgraced lapd detective-turned-private eye puppet takes on the case.,the happytime murders
johncho debramessing aneeshchaganty drama horror mystery after his teenage daughter goes missing a desperate father tries to find clues on her laptop.,searching
charliehunnam ramimalek michaelnoer biography crime drama a french convict in the 1930s befriends a fellow criminal as the two of them begin serving their sentence in the south american penal colony on devil's island which inspires the man to plot his escape.,papillon
alexneustaedter beckyg alexmacnicoll oliverdaly documentary biography music a biography of axl rose.,a.x.l.
oscarisaac benkingsley liorraz chrisweitz biography drama history a team of secret agents set out to track down the nazi officer who masterminded the holocaust.,operation finale
"mylestruitt jackreynor zoëkravitz jonathanbaker,joshbaker action drama sci-fi chased by a vengeful criminal the feds and a gang of otherworldly soldiers an ex-con and his adopted teenage brother go on the run with a weapon of mysterious origin as their only protection.",kin
domhnallgleeson ruthwilson willpoulter lennyabrahamson drama horror mystery after a doctor is called to visit a crumbling manor strange things begin to occur.,the little stranger
winonaryder keanureeves victorlevin comedy drama romance the story of two miserable and unpleasant wedding guests lindsay and frank who develop a mutual affection despite themselves.,destination wedding
brucewillis frankgrillo johnathonschaech briana.miller action drama thriller a bank manager haunted by a violent heist that took the life of a coworker teams up with his ex-cop neighbor to bring down the assailant initiating an explosive counterattack that brings all three men to the breaking point.,reprisal
demiánbichir taissafarmiga jonasbloquet corinhardy horror mystery thriller a priest with a haunted past and a novice on the threshold of her final vows are sent by the vatican to investigate the death of a young nun in romania and confront a malevolent force in the form of a demonic nun.,the nun
jennifergarner johnortiz juanpabloraba pierremorel action thriller five years after her husband and daughter are killed in a senseless act of violence a woman comes back from self-imposed exile to seek revenge against those responsible and the system that let them go free.,peppermint
boydholbrook trevanterhodes jacobtremblay shaneblack action adventure sci-fi when a young boy accidentally triggers the universe's most lethal hunters' return to earth only a ragtag crew of ex-soldiers and a disgruntled scientist can prevent the end of the human race.,the predator
matthewmcconaughey richiemerritt belpowley yanndemange crime drama the story of teenager richard wershe jr. who became an undercover informant for the fbi during the 1980s and was ultimately arrested for drug-trafficking and sentenced to life in prison.,white boy rick
annakendrick blakelively henrygolding paulfeig comedy crime mystery stephanie is a single mother with a parenting vlog who befriends emily a secretive upper-class woman who has a child at the same elementary school. when emily goes missing stephanie takes it upon herself to investigate.,a simple favor
emmathompson stanleytucci fionnwhitehead richardeyre drama as her marriage crumbles a judge must decide a case involving a teenage boy who is refusing a blood transfusion on religious principle.,the children act
chloësevigny kristenstewart jayhuguley craigwilliammacneill biography crime drama a psychological thriller based on the infamous 1892 murders of lizzie andrew borden's family.,lizzie
samuelhunt merrittpatterson vanessabellcalloway haroldcronk biography drama history the next amazing chapter of olympian and world war ii hero louis zamperini's powerful true story of forgiveness redemption and amazing grace.,unbroken: path to redemption
vasileflutur jilliangeurts joyshatz stephencognetti horror mystery it's been eight years since the opening night tragedy of hell house llc and still many unanswered questions remain. thanks to an anonymous tip investigative journalist jessica fox is convinced that key evidence is hidden inside ...,hell house llc ii: the abaddon hotel
jackblack cateblanchett owenvaccaro eliroth comedy family fantasy a young orphan named lewis barnavelt aids his magical uncle in locating a clock with the power to bring about the end of the world.,the house with a clock in its walls
oscarisaac oliviawilde mandypatinkin danfogelman drama romance as a young new york city couple goes from college romance to marriage and the birth of their first child the unexpected twists of their journey create reverberations that echo over continents and through lifetimes.,life itself
johnc.reilly joaquinphoenix jakegyllenhaal jacquesaudiard drama western eli and charlie sisters an infamous duo of gunslinging assassins chase a gold prospector and his unexpected ally in 1850s oregon.,the sisters brothers
odessayoung sukiwaterhouse harinef samlevinson action comedy crime after a malicious data hack exposes the secrets of the perpetually american town of salem chaos descends and four girls must fight to survive while coping with the hack themselves.,assassination nation
keiraknightley dominicwest washwestmoreland biography drama history colette is pushed by her husband to write novels under his name. upon their success she fights to make her talents known challenging gender norms.,colette
michaelmoore(director/screenplay) michaelmoore documentary filmmaker michael moore examines the current state of american politics particularly the donald trump presidency and gun violence while highlighting the power of grassroots democratic movements.,fahrenheit 11/9
guillaumecanet melanielaurent christiancarion crime drama mystery driving in the heart of the highlands edmond murray receives a call from his ex-wife in tears. their 7-year-old son went missing from a campsite. soon it becomes clear that the child was kidnapped and the parents give way to des...,my son
lisadapolito(director);gildaradner lisadapolito documentary in her own words comedienne gilda radner looks back and reflects on her life and career. weaving together recently discovered audiotapes interviews with her friends rare home movies and diaries read by modern day comediennes (i...,"love, gilda"
justinbriner christopherr.sabat cliffordchapin kenjinagasaki animation action adventure all might and deku accept an invitation to visit i island where they battle against a villain who takes the island hostage.,my hero academia: two heroes
"channingtatum jamescorden zendaya kareykirkpatrick animation adventure comedy high up on a mountain peak surrounded by clouds a secret yeti society lives in peace and harmony. one day a yeti witnesses an airplane crash; inside lies ""smallfoot"" a legendary creature that will rock the society to its core.",smallfoot
kevinhart tiffanyhaddish robriggle malcolmd.lee comedy a group of high school dropouts is forced to attend night school in hopes that they will pass the ged exam to finish high school.,night school
robertredford caseyaffleck dannyglover davidlowery action drama thriller a retired cia agent is hunted by both the agency he once worked for and his own nightmares when an unknown man suddenly visits him after nearly three decades.,the old man & the gun
bextaylor-klaus amyforsyth reignedwards gregoryplotkin horror thriller a masked serial killer turns a horror-themed amusement park into his own personal playground terrorizing a group of friends while the rest of the patrons believe that it is all part of the show.,hell fest
nicholasx.parsons pattyduke michaelgross davechristiano drama an african missionary shares with a christian man in the united states how he feels the church in america is in great danger. the christian is very convicted by what he hears and then sets forth a plan to reach his city with the g...,power of the air
tomhardy michellewilliams rizahmed rubenfleischer action adventure sci-fi a failed reporter is bonded to an alien entity one of many symbiotes who have invaded earth. but the being takes a liking to earth and decides to protect it.,venom
bradleycooper ladygaga samelliott bradleycooper drama music romance a musician helps a young singer find fame as age and alcoholism send his own career into a downward spiral.,a star is born
peterbogdanovich(director) peterbogdanovich none none,the great buster: a celebration
ruperteverett colinfirth colinmorgan ruperteverett biography drama the untold story of the last days in the tragic times of oscar wilde a person who observes his own failure with ironic distance and regards the difficulties that beset his life with detachment and humor.,the happy prince
ryangosling clairefoy jasonclarke damienchazelle biography drama history a look at the life of the astronaut neil armstrong and the legendary space mission that led him to become the first man to walk on the moon on july 20 1969.,first man
jeffbridges cynthiaerivo dakotajohnson drewgoddard crime drama mystery early 1970s. four strangers check in at the el royale hotel. the hotel is deserted staffed by a single desk clerk. some of the new guests' reasons for being there are less than innocent and some are not who they appear to be.,bad times at the el royale
wendimclendon-covey madisoniseman jeremyraytaylor arisandel none none,goosebumps 2: haunted halloween
stevecarell timothéechalamet mauratierney felixvangroeningen biography drama based on the best-selling pair of memoirs from father and son david and nic sheff beautiful boy chronicles the heartbreaking and inspiring experience of survival relapse and recovery in a family coping with addiction over many y...,beautiful boy
ikebarinholtz tiffanyhaddish noradunn ikebarinholtz comedy thriller in a politically divided america a man struggles to make it through the thanksgiving holiday without destroying his family.,the oath
nicksearcy(director);earlbillings deancain sarahjanemorris nicksearcy crime drama a movie about the crimes and trial of kermit gosnell an american doctor and abortion provider who was convicted of killing three fetuses and the involuntary manslaughter of a woman who died during a procedure.,gosnell: the trial of america's biggest serial killer
"hannahmarks joeypower(directors/screenplay) jeremyallenwhite hannahmarks,joeypower(directors/screenplay),jeremyallenwhite,maikamonroe,deronhorton,sashalane,deanwinters,ginagershon,marisatomei comedy drama romance a young couple's relationship develops quickly when one of them is diagnosed with a life-changing illness.",after everything
jamieleecurtis judygreer andimatichak davidgordongreen horror thriller fifteen years after murdering his sister on halloween night 1963 michael myers escapes from a mental hospital and returns to the small town of haddonfield illinois to kill again.,halloween
amandlastenberg reginahall russellhornsby georgetillmanjr. crime drama starr witnesses the fatal shooting of her childhood best friend khalil at the hands of a police officer. now facing pressure from all sides of the community starr must find her voice and stand up for what's right.,the hate u give
melissamccarthy richarde.grant marielleheller biography comedy crime when lee israel falls out of step with current tastes she turns her art form to deception.,can you ever forgive me?
sunnysuljic lucashedges katherinewaterston jonahhill comedy drama follows stevie a thirteen-year-old in 1990s-era los angeles who spends his summer navigating between his troubled home life and a group of new friends that he meets at a motor avenue skate shop.,mid90s
careymulligan jakegyllenhaal edoxenbould pauldano drama a teenage boy must deal with his mother's complicated response after his father temporarily abandons them to take a menial and dangerous job.,wildlife
hilaryswank michaelshannon robertforster elizabethchomko drama bridget returns home at her brother's urging to deal with her ailing mother and her father's reluctance to let go of their life together.,what they had
gerardbutler garyoldman common donovanmarsh action thriller an untested american submarine captain teams with u.s. navy seals to rescue the russian president who has been kidnapped by a rogue general.,hunter killer
rowanatkinson olgakurylenko benmiller davidkerr action adventure comedy after a cyber-attack reveals the identity of all of the active undercover agents in britain johnny english is forced to come out of retirement to find the mastermind hacker.,johnny english strikes again
dakotajohnson tildaswinton miagoth lucaguadagnino horror an american newcomer to a prestigious german ballet academy comes to realize that the school is a front for something sinister amid a series of grisly murders.,suspiria
sarahdrew justinbruening jasongeorge davidg.evans drama daisy and violet are twin sisters on the verge of turning 18. they are blessed with beautiful voices and are sought after to sing at weddings communions and baptisms. their real draw is another trait which cloaks them in fascinat...,indivisible
mikec.nelson jennimelear davidmccracken davidmccracken action drama thriller an action/thriller set in 1977 about four friends who reunite for a bachelor party to hunt for buried prohibition money on kentucky's bluegrass bourbon trail only to become ripped apart by greed corruption and murder.,bullitt county
ramimalek lucyboynton gwilymlee bryansinger biography drama music the story of the legendary british rock band queen and lead singer freddie mercury leading up to their famous performance at live aid (1985).,bohemian rhapsody
"keiraknightley mackenziefoy eugenioderbez lassehallström,joejohnston adventure family fantasy a young girl is transported into a magical world of gingerbread soldiers and an army of mice.",the nutcracker and the four realms
tiffanyhaddish tikasumpter omarihardwick tylerperry comedy drama a stubborn man past his prime reflects on his life of strict independence and seeks more from himself.,nobody's fool
lucashedges nicolekidman russellcrowe joeledgerton biography drama the son of a baptist preacher unwillingly participates in a church-supported gay conversion program after being forcibly outed to his parents.,boy erased
rosamundpike jamiedornan stanleytucci matthewheineman biography drama war one of the most celebrated war correspondents of our time marie colvin is an utterly fearless and rebellious spirit driven to the frontline of conflicts across the globe to give voice to the voiceless.,a private war
calumworthy jackielong roryuphold josephkahn comedy drama music a progressive graduate student finds success and sparks outrage when his interest in battle rap as a thesis subject becomes a competitive obsession.,bodied
hughjackman verafarmiga j.k.simmons jasonreitman biography drama history in 1987 u.s. senator gary hart's presidential campaign is derailed when he's caught in a scandalous love affair.,the front runner
"benedictcumberbatch rashidajones kenanthompson yarrowcheney,scottmosier animation adventure comedy a grumpy grinch plots to ruin christmas for the village of whoville.",the grinch
clairefoy sverrirgudnason lakeithstanfield fedeálvarez action crime drama young computer hacker lisbeth salander and journalist mikael blomkvist find themselves caught in a web of spies cybercriminals and corrupt government officials.,the girl in the spider's web
jovanadepo wyattrussell mathildeollivier juliusavery action horror sci-fi a small group of american soldiers find horror behind enemy lines on the eve of d-day.,overlord
"timblakenelson zoekazan liamneeson joelandethancoen(directors/screenplay);timblakenelson,zoekazan,liamneeson,tomwaits comedy drama musical six tales of life and violence in the old west following a singing gunslinger a bank robber a traveling impresario an elderly prospector a wagon train and a perverse pair of bounty hunters.",the ballad of buster scruggs
gavinfree michaeljones burnieburns danielfabelo&matthullum action comedy sci-fi after one of their own is lost in another dimension the lazer team groups together once again to fight against a new threat.,lazer team 2
joshwebber(director);shauncairo(screenplay) jomariepayton garyleroigray joshwebber drama thriller a story about longtime friends whom have known one another since college. all of whom have been doing well since with careers in the entertainment industry on wall street legal and even in the nfl. when the group decides to tak...,conundrum: secrets among friends
"eddieredmayne katherinewaterston danfogler davidyates adventure family fantasy the second installment of the ""fantastic beasts"" series featuring the adventures of magizoologist newt scamander.",fantastic beasts: the crimes of grindelwald
violadavis michellerodriguez elizabethdebicki stevemcqueen crime drama thriller four women with nothing in common except a debt left behind by their dead husbands' criminal activities take fate into their own hands and conspire to forge a future on their own terms.,widows
viggomortensen mahershalaali lindacardellini peterfarrelly biography comedy drama a working-class italian-american bouncer becomes the driver for an african-american classical pianist on a tour of venues through the 1960s american south.,green book
markwahlberg rosebyrne isabelamoner seananders comedy drama a couple find themselves in over their heads when they foster three children.,instant family
"johnc.reilly sarahsilverman galgadot richmoore,philjohnston animation adventure comedy six years after the events of ""wreck-it ralph "" ralph and vanellope now friends discover a wi-fi router in their arcade leading them into a new adventure.",ralph breaks the internet
michaelb.jordan sylvesterstallone tessathompson stevencaplejr. drama sport under the tutelage of rocky balboa newly crowned heavyweight champion adonis creed faces off against viktor drago the son of ivan drago.,creed ii
taronegerton jamiefoxx benmendelsohn ottobathurst action adventure drama in twelfth-century england robin longstride and his band of marauders confront corruption in a local village and lead an uprising against the crown that will forever alter the balance of world power.,robin hood
yalitzaaparicio marinadetavira fernandogrediaga alfonsocuarón drama a year in the life of a middle-class family's maid in mexico city in the early 1970s.,roma
oliviacolman emmastone rachelweisz yorgoslanthimos biography comedy drama in early 18th-century england the status quo at the court is upset when a new servant arrives and endears herself to a frail queen anne.,the favourite
rohanchand christianbale cateblanchett andyserkis adventure drama fantasy a human child raised by wolves must face off against a menacing tiger named shere khan as well as his own origins.,mowgli: legend of the jungle
diederikvanrooijen(director);briansieve(writer);shaymitchell greydamon kirbyjohnson diederikvanrooijen horror mystery thriller when a cop who is just out of rehab takes the graveyard shift in a city hospital morgue she faces a series of bizarre violent events caused by an evil entity in one of the corpses.,the possession of hannah grace
ellahunt malcolmcumming marlisiu johnmcphail comedy horror musical a zombie apocalypse threatens the sleepy town of little haven - at christmas - forcing anna and her friends to fight slash and sing their way to survival facing the undead in a desperate race to reach their loved ones. but they ...,anna and the apocalypse
zainalrafeea yordanosshiferaw boluwatifetreasurebankole nadinelabaki drama while serving a five-year sentence for a violent crime a 12-year-old boy sues his parents for neglect.,capernaum
saoirseronan margotrobbie jacklowden josierourke biography drama history mary stuart's (saoirse ronan's) attempt to overthrow her cousin elizabeth i (margot robbie) queen of england finds her condemned to years of imprisonment before facing execution.,mary queen of scots
lucashedges juliaroberts kathrynnewton peterhedges drama a drug addicted teenage boy shows up unexpectedly at his family's home on christmas eve.,ben is back
"shameikmoore jakejohnson haileesteinfeld bobpersichetti,peterramsey,rodneyrothman animation action adventure teen miles morales becomes the spider-man of his universe and must join with five spider-powered individuals from other dimensions to stop a threat for all realities.",spider-man: into the spider-verse
hugoweaving herahilmar robertsheehan christianrivers action adventure fantasy in a post-apocalyptic world where cities ride on wheels and consume each other to survive two people meet in london and try to stop a conspiracy.,mortal engines
clinteastwood bradleycooper laurencefishburne clinteastwood crime drama thriller a ninety-year-old horticulturist and korean war veteran turns drug mule for a mexican cartel.,the mule
kikilayne stephanjames teyonahparris barryjenkins drama romance a young woman embraces her pregnancy while she and her family set out to prove her childhood friend and lover innocent of a crime he didn't commit.,if beale street could talk
emilyblunt lin-manuelmiranda benwhishaw robmarshall animation adventure comedy a few decades after her original visit mary poppins the magical nanny returns to help the banks siblings and michael's children through a difficult time in their lives.,mary poppins returns
jasonmomoa amberheard willemdafoe jameswan action adventure fantasy arthur curry the human-born heir to the underwater kingdom of atlantis goes on a quest to prevent a war between the worlds of ocean and land.,aquaman
haileesteinfeld johncena jorgelendeborgjr. travisknight action adventure sci-fi on the run in the year 1987 bumblebee finds refuge in a junkyard in a small california beach town. on the cusp of turning 18 and trying to find her place in the world charlie watson discovers bumblebee battle-scarred and broken.,bumblebee
stevecarell lesliemann dianekruger robertzemeckis biography comedy drama a victim of a brutal attack finds a unique and beautiful therapeutic outlet to help him through his recovery process.,welcome to marwen
jenniferlopez leahremini vanessahudgens petersegal comedy drama romance a big box store worker reinvents her life and her life-story and shows madison avenue what street smarts can do.,second act
joannakulig tomaszkot agatakulesza pawełpawlikowski drama music romance in the 1950s a music director falls in love with a singer and tries to persuade her to flee communist poland for france.,cold war
willferrell johnc.reilly rebeccahall etancohen action adventure mystery detective sherlock holmes is on the trail of criminal mastermind professor moriarty who is carrying out a string of random crimes across europe.,holmes & watson
christianbale amyadams stevecarell adammckay biography comedy drama the story of dick cheney an unassuming bureaucratic washington insider who quietly wielded immense power as vice president to george w. bush reshaping the country and the globe in ways that are still felt today.,vice
felicityjones armiehammer justintheroux mimileder biography drama the true story of ruth bader ginsburg her struggles for equal rights and the early cases of a historic career that lead to her nomination and confirmation as u.s. supreme court associate justice.,on the basis of sex
nicolekidman sebastianstan tobykebbell karynkusama action crime drama a police detective reconnects with people from an undercover assignment in her distant past in order to make peace.,destroyer
fionnwhitehead willpoulter asimchaudhry davidslade drama fantasy mystery a young programmer starts to question reality when he adapts a mad writer's fantasy novel into a video game.,black mirror: bandersnatch
